{"F1_score": 0.8860759493670886, "ROC_AUC": 0.9586056644880174, "Precision": 0.9090909090909091, "Recall": 0.8641975308641975, "model": "Gradient Boosting"}